taxonID hash,scientific name,kingdom,phylum,class,order,family,genus,taxon rank,nomenclatural code,location,country code,occurrence status,establishment means,degree of establishment,introduction pathway 1,introduction pathway 2,introduction pathway 3,introduction pathway 4,introduction pathway 5,introduction pathway 6,introduction pathway 7,date first observation,date last observation,source,occurrence remarks,native range,terrestrial,marine,freshwater,host,abundance,threat status,date added,added by,verified by
c218a947b5591a7b39b626622e899901,Achondrostoma oligolepis,Animalia,Animalia,Chordata,,,,species,,Azores,PT,,,,fisheryInTheWild,,,,,,,1879,,"Goubier, J., Hoestland, H., Goubier, M., 1983. Recherches biologiques sur la perche (Perca fluviatilis L.) de Sao Miguel (Açores). Cybium 7, 25-49.",,Europe,,,TRUE,,,,2025-11-26,Pedro M. Anastácio,
16b9ce9e19562f42bafda84ffa48d110,Aedes aegypti,Animalia,Animalia,Arthropoda,,,,species,,Madeira,PT,,,,otherTransport,,,,,,,2005,,"Margarita, Y., Grácio, A., Lencastre, I., Silva, A., Novo, M., Sousa, C., 2006. First record of Aedes (Stegomyia) aegypti (Linnaeus, 1762)(Diptera, Culicidae) in Madeira Island-Portugal. Acta Parasitológica Portuguesa 13, 59-61.",,Africa,,,TRUE,,,,2025-11-26,Pedro M. Anastácio,
5ef24f5c5b939b1f933b52e22f4e608b,Aedes albopictus,Animalia,Animalia,Arthropoda,,,,species,,Mainland,PT,,,,otherTransport,,,,,,,2017,,"SNS, 2017. Identificação de espécie de mosquito na região Norte do País, in: Saúde, S.N.d. (Ed.).",,Asia,,,TRUE,,,,2025-11-26,Pedro M. Anastácio,
27eea5e50d11e7148dc0bdde7009e40b,Alburnus alburnus,Animalia,Animalia,Chordata,,,,species,,Mainland,PT,,,,fisheryInTheWild,,,,,,,2001,,"Vinyoles, D., Robalo, J.I., De Sostoa, A., Almodóvar, A., Elvira, B., Nicola, G.G., Fernández-Delgado, C., Santos, C.S., Doadrio, I., Sardá-Palomera, F., 2007. Expansión del alburno Alburnus alburnus (Linnaeus, 1758)(Actinopterygii, Cyprinidae) en la península Ibérica: el papel de los embalses. Graellsia 63, 101-110.",,Europe,,,TRUE,,,,2025-11-26,Pedro M. Anastácio,
4ac71bc8355e62cf3f8479449ea25e5d,Ameiurus melas,Animalia,Animalia,Chordata,,,,species,,Mainland,PT,,,,fisheryInTheWild,,,,,,,2000,,"Gante, H.F., Santos, C.D., 2002. First record of the North American catfish  Ameiurus melas  in Portugal. Journal of Fish Biology 61  1643-1646.",,North America,,,TRUE,,,,2025-11-26,Pedro M. Anastácio,
c390be62a3b8f3a071151ef5fa06e286,Anguillicoloides crassus,Animalia,Animalia,Nematoda,,,,species,,Mainland,PT,,,,parasitesOnAnimals,,,,,,,1992,,"Silva, P.C.E., Freitas, M., Carvalho-Varela, M., 1992. First report of Anguillicola crassus in the European eel in Portugal. Bulletin of the European Association of Fish Pathologists 12, 154-156.",,Asia,,,TRUE,,,,2025-11-26,Pedro M. Anastácio,
eafd7e89ce84549834243caf67f0b7e9,Argulus foliaceus,Animalia,Animalia,Arthropoda,,,,species,,Madeira,PT,,,,parasitesOnAnimals,,,,,,,1895,,"Menezes, J., Ramos, M.A., Pereira, T.G., da Silva, A.M., 1990. Rainbow trout culture failure in a small lake as a result of massive parasitosis related to careless fish introductions. Aquaculture 89, 123-126.",,Europe,,,TRUE,,,,2025-11-26,Pedro M. Anastácio,
9495e84453fcde268be8da6cd6130544,Australoheros facetus,Animalia,Animalia,Chordata,,,,species,,Mainland,PT,,,,ornamentalNonHorticulture,,,,,,,1940,,"Almaça, C., 1995. Fish species and varieties introduced into portuguese inland waters.",,South America,,,TRUE,,,,2025-11-26,Pedro M. Anastácio,
b6379ef1bd96c73c652aaf9366aeb05c,Bosmina coregoni,Animalia,Animalia,Arthropoda,,,,species,,Mainland,PT,,,,,,,,,,,2010,,"Geraldes, A.M., Silva-Santos, P., 2011. Monitorização da comunidade zooplanctónica da albufeira da Aguieira (bacia do Mondego, Portugal): que fatores a influenciam? Captar: Ciência e Ambiente Para Todos 3, 12-23.",,Europe,,,TRUE,,,,2025-11-26,Pedro M. Anastácio,
6f83cd5d94324cbabc5287c556780404,Branchiura sowerbyi,Animalia,Animalia,Annelida,,,,species,,Mainland,PT,,,,otherTransport,,,,,,,1988,,"Cunha, M., Moreira, M., 1995. Macrobenthos of Potamogeton and Myriophyllum beds in the upper reaches of Canal de Mira (Ria de Aveiro, NW Portugal): Community structure and environmental factors. Netherland Journal of Aquatic Ecology 29, 377-390.",,Asia,,,TRUE,,,,2025-11-26,Pedro M. Anastácio,
6f83cd5d94324cbabc5287c556780404,Branchiura sowerbyi,Animalia,Animalia,Annelida,,,,species,,Azores,PT,,,,otherTransport,,,,,,,2009,,"Raposeiro, P.M., Ramos, J., Costa, A.C., 2011. First record of Craspedacusta sowerbii Lankester, 1880 (Cnidaria: Limnomedusae) in the Azores. Arquipelago. Life and Marine Sciences 28, 11-13.",,North America,,,TRUE,,,,2025-11-26,Pedro M. Anastácio,
6d11d0374971e4b0ec87c29d9acc52f2,Carassius auratus,Animalia,Animalia,Chordata,,,,species,,Mainland,PT,,,,ornamentalNonHorticulture,,,,,,,1888,,"Almaça, C., 1995. Fish species and varieties introduced into portuguese inland waters.",,Asia,,,TRUE,,,,2025-11-26,Pedro M. Anastácio,
6d11d0374971e4b0ec87c29d9acc52f2,Carassius auratus,Animalia,Animalia,Chordata,,,,species,,Azores,PT,,,,ornamentalNonHorticulture,,,,,,,1792,,"Goubier, J., Hoestland, H., Goubier, M., 1983. Recherches biologiques sur la perche (Perca fluviatilis L.) de Sao Miguel (Açores). Cybium 7, 25-49.",,Asia,,,TRUE,,,,2025-11-26,Pedro M. Anastácio,
a6b7d41c1a3ef1cdf5e86343d6170f2a,Carassius gibelio,Animalia,Animalia,Chordata,,,,species,,Mainland,PT,,,,fisheryInTheWild,,,,,,,2013,,"Ribeiro, F., Rylková, K., Moreno-Valcárcel, R., Carrapato, C., Kalous, L., 2015. Prussian carp Carassius gibelio: a silent invader arriving to the Iberian Peninsula. Aquatic ecology 49, 99-104.",,Asia,,,TRUE,,,,2025-11-26,Pedro M. Anastácio,
10f2c21e38d910bcc489e526cb5706da,Corbicula fluminea,Animalia,Animalia,Mollusca,,,,species,,Mainland,PT,,,,otherTransport,,,,,,,1978,,"Mouthon, J., 1981. Sur la presence en France et au Portugal de Corbicula (Bivalvia, Corbiculidae) originaire d'Asie  Basteria 45, 109  -116.",,Asia,,,TRUE,,,,2025-11-26,Pedro M. Anastácio,
6d9335c733f5b78d7ba8cf263fbb9708,Cordylophora caspia,Animalia,Animalia,Cnidaria,,,,species,,Mainland,PT,,,,otherTransport,,,,,,,1980,,"Correia, M., Costa, J., Chainho, P., Félix, P., Chaves, M., Medeiros, J., Silva, G., Azeda, C., Tavares, P., Costa, A., 2012. Inter-annual variations of macrobenthic communities over three decades in a land-locked coastal lagoon (Santo André, SW Portugal). Estuarine, Coastal and Shelf Science 110, 168-175.",,Europe,,,TRUE,,,,2025-11-26,Pedro M. Anastácio,
d5028a9aef3ac5374515871a2f025ba0,Crangonyx pseudogracilis,Animalia,Animalia,Arthropoda,,,,species,,Mainland,PT,,,,otherTransport,,,,,,,2011,,"Grabowski, M., Rachalewski, M., Banha, F., Anastacio, P., 2012. Crangonyx pseudogracilis Bousfield, 1958 – the first alien amphipod crustacean in freshwaters of Iberian Peninsula (Portugal). Knowl. Managt. Aquatic Ecosyst., 11.",,North America,,,TRUE,,,,2025-11-26,Pedro M. Anastácio,
86b717731e4a49b77311807534059e7f,Craspedacusta sowerbii,Animalia,Animalia,Cnidaria,,,,species,,Mainland,PT,,,,ornamentalNonHorticulture,,,,,,,1983,,"Gomes-Pereira, J.N., Dionísio, G., 2013. Craspedacusta sowerbii Lankester, 1880 in southern Portugal. Bioinvasions Records 2, 133-136.",,Asia,,,TRUE,,,,2025-11-26,Pedro M. Anastácio,
86b717731e4a49b77311807534059e7f,Craspedacusta sowerbii,Animalia,Animalia,Cnidaria,,,,species,,Azores,PT,,,,ornamentalNonHorticulture,,,,,,,2010,,"Raposeiro, P.M., Ramos, J.C., Costa, A.C., 2009. First record of Branchiura sowerbyi Beddard, 1892 (Oligochaeta: Tubificidae) in Azores. Aquat. Invasions 4, 487-490.",,Asia,,,TRUE,,,,2025-11-26,Pedro M. Anastácio,
183bf2e499d9dc9c6fcc95ddab39e10e,Cyprinus carpio,Animalia,Animalia,Chordata,,,,species,,Mainland,PT,,,,fisheryInTheWild,,,,,,,1898,,"Almaça, C., 1995. Fish species and varieties introduced into portuguese inland waters.",,Europe,,,TRUE,,,,2025-11-26,Pedro M. Anastácio,
183bf2e499d9dc9c6fcc95ddab39e10e,Cyprinus carpio,Animalia,Animalia,Chordata,,,,species,,Azores,PT,,,,fisheryInTheWild,,,,,,,1890,,"Goubier, J., Hoestland, H., Goubier, M., 1983. Recherches biologiques sur la perche (Perca fluviatilis L.) de Sao Miguel (Açores). Cybium 7, 25-49.",,Europe,,,TRUE,,,,2025-11-26,Pedro M. Anastácio,
6c05fa637bf0d5e8f6adab6494f6f446,Dactylogyrus anchoratus,Animalia,Animalia,Platyhelminthes,,,,species,,Mainland,PT,,,,otherTransport,,,,,,,2016,,"GBIF, 2016. 2013-07-01. ed. GBIF_Secretariat:_GBIF_Backbone_Taxonomy.",,Asia,,,TRUE,,,,2025-11-26,Pedro M. Anastácio,
a27b9d085f82ec1dbeb4818ae1a832cf,Eriocheir sinensis,Animalia,Animalia,Arthropoda,,,,species,,Mainland,PT,,,,ballastWater,,,,,,,1985,,"Cabral, H.N., Costa, M.J., 1999. On the occurrence of the chinese mitten crab, Eriocheir sinensis, in Portugal (Decapoda, Brachyura). Crustaceana 72  55-58.",,Asia,,,TRUE,,,,2025-11-26,Pedro M. Anastácio,
36a95cf7e2a67c38388e1e28f0805301,Esox lucius,Animalia,Animalia,Chordata,,,,species,,Mainland,PT,,,,fisheryInTheWild,,,,,,,1950,,"Almaça, C., 1995. Fish species and varieties introduced into portuguese inland waters.",,Europe,,,TRUE,,,,2025-11-26,Pedro M. Anastácio,
36a95cf7e2a67c38388e1e28f0805301,Esox lucius,Animalia,Animalia,Chordata,,,,species,,Azores,PT,,,,fisheryInTheWild,,,,,,,1979,,"Goubier, J., Hoestland, H., Goubier, M., 1983. Recherches biologiques sur la perche (Perca fluviatilis L.) de Sao Miguel (Açores). Cybium 7, 25-49.",,Europe,,,TRUE,,,,2025-11-26,Pedro M. Anastácio,
32dc2e18733fffa92ba4e1b35d03c4e2,Ferrissia fragilis,Animalia,Animalia,Mollusca,,,,species,,Azores,PT,,,,ornamentalNonHorticulture,,,,,,,2007,,"Raposeiro, P., Costa, A., Martins, A., 2007. Freshwater mollusks of the Azores: a reappraisal, World Congress of Malacology, pp. 175-176.",,North America,,,TRUE,,,,2025-11-26,Pedro M. Anastácio,
1d17b434b113730d1e811c0cf1bf4789,Fundulus heteroclitus,Animalia,Animalia,Chordata,,,,species,,Mainland,PT,,,,ornamentalNonHorticulture,,,,,,,1970,,"Almaça, C., 1995. Fish species and varieties introduced into portuguese inland waters.",,North America,,,TRUE,,,,2025-11-26,Pedro M. Anastácio,
4497da3d5e3ef61d73279635415cfa16,Galba truncatula,Animalia,Animalia,Mollusca,,,,species,,Azores,PT,,,,otherTransport,,,,,,,1920,,"Backhuys, W., 1975. Zoogeography and taxonomy of the land and freshwater molluscs of the Azores. Backhuys & Meesters, Amsterdam.",,Europe,,,TRUE,,,,2025-11-26,Pedro M. Anastácio,
85ff0c479c1d6df744e0dc340ae72bb8,Gambusia holbrooki,Animalia,Animalia,Chordata,,,,species,,Mainland,PT,,,,biologicalControl,,,,,,,1931,,"Boto, R., 1932. Distribuição da «Gambusia» em Benavente e Salvaterra de Magos. Trav. Sta. BioL. Mar. Lisbonne 30.",,North America,,,TRUE,,,,2025-11-26,Pedro M. Anastácio,
85ff0c479c1d6df744e0dc340ae72bb8,Gambusia holbrooki,Animalia,Animalia,Chordata,,,,species,,Azores,PT,,,,biologicalControl,,,,,,,2010,,"Florencio, M., Lamelas-López, L., 2016. Threatened pond endemicity on an oceanic island: the presence of an exotic fish. Limnetica 35, 235-242.",,North America,,,TRUE,,,,2025-11-26,Pedro M. Anastácio,
7da3ddcb0ae6672d31240578f2c4f854,Gobio lozanoi,Animalia,Animalia,Chordata,,,,species,,Mainland,PT,,,,fisheryInTheWild,,,,,,,1925,,"Almaça, C., 1995. Fish species and varieties introduced into portuguese inland waters.",,Europe,,,TRUE,,,,2025-11-26,Pedro M. Anastácio,
680982d78f7356ba787d86f932b16eec,Graptemys pseudogeographica,Animalia,Animalia,Chordata,,,,species,,Mainland,PT,,,,ornamentalNonHorticulture,,,,,,,2012,,"Martins, A.M.F., 1991. Distribuição dos moluscos de água doce em São Miguel e na Terceira. Açoreana 7, 257-276.",,North America,,,TRUE,,,,2025-11-26,Pedro M. Anastácio,
c251fec7a5a453358404665b84088bde,Gyraulus chinensis,Animalia,Animalia,Mollusca,,,,species,,Mainland,PT,,,,otherTransport,,,,,,,1996,,"De Oliveira, A., 2009. Materiais para o estudo da Malacofauna não-marinha de Portugal. 4. Revisão das espécies aquáticas introduzidas. Noticiario SEM 52, 31-37.",,Asia,,,TRUE,,,,2025-11-26,Pedro M. Anastácio,
19c9456259dffea1f932fa1048d67bc2,Gyraulus parvus,Animalia,Animalia,Mollusca,,,,species,,Madeira,PT,,,,otherTransport,,,,,,,1940,,"De Oliveira, A., 2009. Materiais para o estudo da Malacofauna não-marinha de Portugal. 4. Revisão das espécies aquáticas introduzidas. Noticiario SEM 52, 31-37.",,North America,,,TRUE,,,,2025-11-26,Pedro M. Anastácio,
cab16bdde0402702535d82014c391c19,Gyrodactylus salaris,Animalia,Animalia,Platyhelminthes,,,,species,,Mainland,PT,,,,otherTransport,,,,,,,1996,,"Johnston, C., 1996. Occurrence of Gyrodactylus salaris, Marmberg, 1957, in Portugal. Bull. Eur. Ass. Fish Pathol 16, 89.",,Europe,,,TRUE,,,,2025-11-26,Pedro M. Anastácio,
3f67c44b431393a1e5cd4fb1098c543f,Ictalurus punctatus,Animalia,Animalia,Chordata,,,,species,,Mainland,PT,,,,fisheryInTheWild,,,,,,,2012,,"Banha, F., Veríssimo, A., Ribeiro, F., Anastácio, P.M., 2017. Forensic reconstruction of Ictalurus punctatus invasion routes using on-line fishermen records. Knowl. Manag. Aquat. Ecosyst., 56.",,North America,,,TRUE,,,,2025-11-26,Pedro M. Anastácio,
50db10822a4e5a4f58264b51507b3af9,Ilyodromus viridulus,Animalia,Animalia,Arthropoda,,,,species,,Mainland,PT,,,,,,,,,,,1996,,"Baltanás, Á., Delgado, A.L., Beroiz, B., 1996. Lista faunística y bibliográfica de los ostrácodos no-marinos (crustacea: ostracoda) de la Península Ibérica, Islas Baleares e Islas Canarias.",,Oceania,,,TRUE,,,,2025-11-26,Pedro M. Anastácio,
0d57bb658352d842f86dfca6834276d1,Lepomis gibbosus,Animalia,Animalia,Chordata,,,,species,,Mainland,PT,,,,ornamentalNonHorticulture,,,,,,,1979,,"Sostoa, A.d., Lobon-Cervia, J., Fernandez-Colome, V., Sostoa, F.d., 1987. Distribution of sunfish (Lepomis gibbosus L.) in the Iberian Peninsula. Donana Acta Vertebrata 14, 121-123.",,North America,,,TRUE,,,,2025-11-26,Pedro M. Anastácio,
4ae7897b8d8bf9c8185f5c0d4da2d216,Lernaea cyprinacea,Animalia,Animalia,Arthropoda,,,,species,,Mainland,PT,,,,parasitesOnAnimals,,,,,,,2010,,"Pérez-Bote, J.L., 2010. Barbus comizo infestation by Lernaea cyprinacea (Crustacea: Copepoda) in the Guadiana River, southwestern Spain. Journal of applied Ichthyology 26, 592-595.",,Asia,,,TRUE,,,,2025-11-26,Pedro M. Anastácio,
5d7007717ed2e4805fcbe7680f6ef1d3,Micropterus salmoides,Animalia,Animalia,Chordata,,,,species,,Mainland,PT,,,,fisheryInTheWild,,,,,,,1950,,"Ferreira de Lima, M., 1955. O Blackbass e a sua aclimatacao em aguas Portuguesas. Montes.",,North America,,,TRUE,,,,2025-11-26,Pedro M. Anastácio,
5d7007717ed2e4805fcbe7680f6ef1d3,Micropterus salmoides,Animalia,Animalia,Chordata,,,,species,,Azores,PT,,,,fisheryInTheWild,,,,,,,1898,,"Goubier, J., Hoestland, H., Goubier, M., 1983. Recherches biologiques sur la perche (Perca fluviatilis L.) de Sao Miguel (Açores). Cybium 7, 25-49.",,North America,,,TRUE,,,,2025-11-26,Pedro M. Anastácio,
688ab698e2035710b16d7822093a7a12,Mustela vison,Animalia,Animalia,Chordata,,,,species,,Mainland,PT,,,,farmedAnimals,,,,,,,1985,,"Vidal Figueroa, T., Delibes, M., 1987. Primeros datos sobre el visón americano (Mustela vison) en el suroeste de Galicia y noroeste de Portugal. Ecología, 145-152.",,North America,,,TRUE,,,,2025-11-26,Pedro M. Anastácio,
0c929a3c2d8f73ac8fece9c327c527f7,Oncorhynchus mykiss,Animalia,Animalia,Chordata,,,,species,,Mainland,PT,,,,fisheryInTheWild,,,,,,,1900,,"Almaça, C., 1995. Fish species and varieties introduced into portuguese inland waters.",,North America,,,TRUE,,,,2025-11-26,Pedro M. Anastácio,
0c929a3c2d8f73ac8fece9c327c527f7,Oncorhynchus mykiss,Animalia,Animalia,Chordata,,,,species,,Azores,PT,,,,fisheryInTheWild,,,,,,,1941,,"Goubier, J., Hoestland, H., Goubier, M., 1983. Recherches biologiques sur la perche (Perca fluviatilis L.) de Sao Miguel (Açores). Cybium 7, 25-49.",,North America,,,TRUE,,,,2025-11-26,Pedro M. Anastácio,
30865725a1ec2de0238ecbb47367864e,Pacifastacus leniusculus,Animalia,Animalia,Arthropoda,,,,species,,Mainland,PT,,,,fisheryInTheWild,,,,,,,1999,,"Bernardo, J.M., Bruxelas, S., Bochechas, J., Costa, A.M., 2001. Freshwater crayfish in Portugal: a new Astacidae, Pacifastacus leniusculus (Dana), and less perspectives for the rehabilitation of the native Austropotamobius pallipes., 2◦ Congresso Nacional de Conservação da Natureza, CD edition. Instituto de Conservação da Natureza, pp. 1-6.",,North America,,,TRUE,,,,2025-11-26,Pedro M. Anastácio,
bc013910cbdd2d0d963c27a77e5d2974,Pectinatella magnifica,Animalia,Animalia,Bryozoa,,,,species,,Mainland,PT,,,,otherTransport,,,,,,,2015,,"Ribeiro, pers. com.",,North America,,,TRUE,,,,2025-11-26,Pedro M. Anastácio,
82577c8765e55fc6ce5f26278b94d117,Pelophylax perezi,Animalia,Animalia,Chordata,,,,species,,Azores,PT,,,,ornamentalNonHorticulture,,,,,,,1820,,"Malkmus, R., 2004. Amphibians and Reptiles of Portugal, Madeira and the Azores-Archipelago: distribution and natural history notes. Koeltz Scientific Books.",,Europe,,,TRUE,,,,2025-11-26,Pedro M. Anastácio,
82577c8765e55fc6ce5f26278b94d117,Pelophylax perezi,Animalia,Animalia,Chordata,,,,species,,Madeira,PT,,,,ornamentalNonHorticulture,,,,,,,1850,,"Malkmus, R., 2004. Amphibians and Reptiles of Portugal, Madeira and the Azores-Archipelago: distribution and natural history notes. Koeltz Scientific Books.",,Europe,,,TRUE,,,,2025-11-26,Pedro M. Anastácio,
0121561a1fcfbbf338f95a5d95f48992,Perca fluviatilis,Animalia,Animalia,Chordata,,,,species,,Mainland,PT,,,,fisheryInTheWild,,,,,,,2015,,"Banha, F., Ilhéu, M., Anastácio, P.M., 2015. Angling web forums as an additional tool for detection of new fish introductions: the first record of Perca fluviatilis in continental Portugal. Knowl. Managt. Aquatic Ecosyst., 03.",,Europe,,,TRUE,,,,2025-11-26,Pedro M. Anastácio,
0121561a1fcfbbf338f95a5d95f48992,Perca fluviatilis,Animalia,Animalia,Chordata,,,,species,,Azores,PT,,,,fisheryInTheWild,,,,,,,1898,,"Goubier, J., Hoestland, H., Goubier, M., 1983. Recherches biologiques sur la perche (Perca fluviatilis L.) de Sao Miguel (Açores). Cybium 7, 25-49.",,Europe,,,TRUE,,,,2025-11-26,Pedro M. Anastácio,
55f8a871a14a4768b5418c4cd77fd40b,Physella acuta,Animalia,Animalia,Mollusca,,,,species,,Madeira,PT,,,,otherTransport,,,,,,,1881,,"De Oliveira, A., 2009. Materiais para o estudo da Malacofauna não-marinha de Portugal. 4. Revisão das espécies aquáticas introduzidas. Noticiario SEM 52, 31-37.",,North America,,,TRUE,,,,2025-11-26,Pedro M. Anastácio,
55f8a871a14a4768b5418c4cd77fd40b,Physella acuta,Animalia,Animalia,Mollusca,,,,species,,Azores,PT,,,,otherTransport,,,,,,,1881,,"Furtado, F.d.A., 1881. A propósito da distribuição dos Molluscos terrestres nos Açores. Era Nova 1, 267-283.",,North America,,,TRUE,,,,2025-11-26,Pedro M. Anastácio,
55f8a871a14a4768b5418c4cd77fd40b,Physella acuta,Animalia,Animalia,Mollusca,,,,species,,Mainland,PT,,,,otherTransport,,,,,,,1881,,"Morelet, A., 1845. Description des mollusques terrestres et fluviatiles du Portugal, par Arthur Morelet. J.-B. Baillière; [etc., etc.], Paris.",,North America,,,TRUE,,,,2025-11-26,Pedro M. Anastácio,
f34480779591bd6f51e54676c85998de,Pisidium casertanum,Animalia,Animalia,Mollusca,,,,species,,Azores,PT,,,,otherTransport,,,,,,,,,"Guerne, J.d., 1887. Notes sur la faune des Açores. Le Naturaliste 9, 194-195.",,Cosmopolitan,,,TRUE,,,,2025-11-26,Pedro M. Anastácio,
48993511f6b4806e75e327edb561f8ad,Planorbarius corneus,Animalia,Animalia,Mollusca,,,,species,,Madeira,PT,,,,otherTransport,,,,,,,1991,,"De Oliveira, A., 2009. Materiais para o estudo da Malacofauna não-marinha de Portugal. 4. Revisão das espécies aquáticas introduzidas. Noticiario SEM 52, 31-37.",,Europe,,,TRUE,,,,2025-11-26,Pedro M. Anastácio,
ecb58bad3ee7a827c54e9b8c4890f1e5,Planorbella duryi,Animalia,Animalia,Mollusca,,,,species,,Madeira,PT,,,,otherTransport,,,,,,,2002,,"De Oliveira, A., 2009. Materiais para o estudo da Malacofauna não-marinha de Portugal. 4. Revisão das espécies aquáticas introduzidas. Noticiario SEM 52, 31-37.",,North America,,,TRUE,,,,2025-11-26,Pedro M. Anastácio,
ecb58bad3ee7a827c54e9b8c4890f1e5,Planorbella duryi,Animalia,Animalia,Mollusca,,,,species,,Mainland,PT,,,,otherTransport,,,,,,,2009,,"De Oliveira, A., 2009. Materiais para o estudo da Malacofauna não-marinha de Portugal. 4. Revisão das espécies aquáticas introduzidas. Noticiario SEM 52, 31-37.",,North America,,,TRUE,,,,2025-11-26,Pedro M. Anastácio,
892599dcf435e7bac72cbecf553d81dc,Planorbella trivolvis,Animalia,Animalia,Mollusca,,,,species,,Azores,PT,,,,ornamentalNonHorticulture,,,,,,,1960,,"Backhuys, W., 1975. Zoogeography and taxonomy of the land and freshwater molluscs of the Azores. Backhuys & Meesters, Amsterdam.",,North America,,,TRUE,,,,2025-11-26,Pedro M. Anastácio,
dedfc4db712063102f022beb7a51eb6e,Potamopyrgus antipodarum,Animalia,Animalia,Mollusca,,,,species,,Mainland,PT,,,,otherTransport,,,,,,,1961,,"Heuss, K., 1961. Potamopyrgus jenkinsi (E. A. SMITH) in Portugal. Arch. Molluskenk. 90, 249 - 249.",,Oceania,,,TRUE,,,,2025-11-26,Pedro M. Anastácio,
ad6ef633d9bc18930d8894c8e33e9f3a,Procambarus clarkii,Animalia,Animalia,Arthropoda,,,,species,,Mainland,PT,,,,fisheryInTheWild,,,,,,,1979,,"Ramos, M.A., Pereira, T.M., 1981. Um novo astacidae para a fauna portuguesa:  Procambarus clarkii  (Girard, 1952). Boletim do Instituto Nacional de Investigaçao das Pescas 6, 37-47.",,North America,,,TRUE,,,,2025-11-26,Pedro M. Anastácio,
ad6ef633d9bc18930d8894c8e33e9f3a,Procambarus clarkii,Animalia,Animalia,Arthropoda,,,,species,,Azores,PT,,,,ornamentalNonHorticulture,,,,,,,1993,,"Correia, A., Costa, A.C., 1994. Introduction of the red swamp crayfish, Procambarus clarkii (Crustacea: Decapoda) in São Miguel, Azores, Portugal. . Arquipelago. Life and Marine Sciences 12, 67-73.",,North America,,,TRUE,,,,2025-11-26,Pedro M. Anastácio,
48f1bfe51eaa10e4e6dc86f6f6a1e307,Protopolystoma xenopodis,Animalia,Animalia,Platyhelminthes,,,,species,,Mainland,PT,,,,parasitesOnAnimals,,,,,,,2013,,"Rodrigues, R.A.E., 2014. Macroparasites of invasive Xenopus laevis (Amphibia: Anura): characterization and assessment of possible exchanges with native Pelophylax perezi in Oeiras streams, Portugal, Departamento de Biologia Animal. Universidade de Lisboa, p. 51.",,Africa,,,TRUE,,,,2025-11-26,Pedro M. Anastácio,
3827453e03468558ea4b21a077769675,Pseudemys concinna,Animalia,Animalia,Chordata,,,,species,,Mainland,PT,,,,ornamentalNonHorticulture,,,,,,,2012,,"Martins, B.H., Azevedo, F., Teixeira, J., 2018. First reproduction report of Trachemys scripta in Portugal Ria Formosa Natural Park, Algarve. Limnética 37, 61-67.",,North America,,,TRUE,,,,2025-11-26,Pedro M. Anastácio,
f0264f1339bbc794dcaa34dc99d6a76a,Pseudemys nelsoni,Animalia,Animalia,Chordata,,,,species,,Mainland,PT,,,,ornamentalNonHorticulture,,,,,,,2012,,"Martins, B.H., Azevedo, F., Teixeira, J., 2018. First reproduction report of Trachemys scripta in Portugal Ria Formosa Natural Park, Algarve. Limnética 37, 61-67.",,North America,,,TRUE,,,,2025-11-26,Pedro M. Anastácio,
6f324938a43c9e5cf6f7c6f6dc52d30c,Pseudochondrostoma polylepis,Animalia,Animalia,Chordata,,,,species,,Mainland,PT,,,,fisheryInTheWild,,,,,,,1997,,"Lourenço, R.M.V., 2004. Repovoamentos Piscícolas em Portugal Continental desde o século XIX. Instituto Superior de Agronomia, Universidade Técnica de Lisboa, Lisbon.",,Europe,,,TRUE,,,,2025-11-26,Pedro M. Anastácio,
793d520b66493806a1a2ef2e5781d662,Pseudodactylogyrus anguillae,Animalia,Animalia,Platyhelminthes,,,,species,,Mainland,PT,,,,parasitesOnAnimals,,,,,,,1988,,"Santos, J., 2018. Guia de Invertebrados das águas doces. Apresentação. Esponjas, Cnidários, Briozoários. Alamargem.",,Asia,,,TRUE,,,,2025-11-26,Pedro M. Anastácio,
7fd4b48abb8d674661dd63d2a626fd44,Pseudodactylogyrus bini,Animalia,Animalia,Platyhelminthes,,,,species,,Mainland,PT,,,,parasitesOnAnimals,,,,,,,1989,,"Saraiva, A., 1995. Pseudodactylogyrus anguillae (Yin & Sproston, 1948) Gussev, 1965 and P. bini (Kikuchi, 1929) Gussev, 1965 (Monogenea: Monopisthocotylea) in Portugal. Bulletin-European Association of Fish Pathologists 15, 81-81.",,Asia,,,TRUE,,,,2025-11-26,Pedro M. Anastácio,
4d44ee4e4c31e377189b7ac613567aca,Pseudosuccinea columella,Animalia,Animalia,Mollusca,,,,species,,Mainland,PT,,,,otherTransport,,,,,,,2009,,"De Oliveira, A., 2009. Materiais para o estudo da Malacofauna não-marinha de Portugal. 4. Revisão das espécies aquáticas introduzidas. Noticiario SEM 52, 31-37.",,North America,,,TRUE,,,,2025-11-26,Pedro M. Anastácio,
61cc5e417a3e5f843194e908ab75621b,Radix balthica,Animalia,Animalia,Mollusca,,,,species,,Azores,PT,,,,otherTransport,,,,,,,1920,,"De Oliveira, A., 2009. Materiais para o estudo da Malacofauna não-marinha de Portugal. 4. Revisão das espécies aquáticas introduzidas. Noticiario SEM 52, 31-37.",,Europe,,,TRUE,,,,2025-11-26,Pedro M. Anastácio,
61cc5e417a3e5f843194e908ab75621b,Radix balthica,Animalia,Animalia,Mollusca,,,,species,,Madeira,PT,,,,otherTransport,,,,,,,1920,,"De Oliveira, A., 2009. Materiais para o estudo da Malacofauna não-marinha de Portugal. 4. Revisão das espécies aquáticas introduzidas. Noticiario SEM 52, 31-37.",,Europe,,,TRUE,,,,2025-11-26,Pedro M. Anastácio,
321be3fdc7c0e92ac227db28dfd2d906,Radix peregra,Animalia,Animalia,Mollusca,,,,species,,Azores,PT,,,,otherTransport,,,,,,,1975,,"Backhuys, W., 1975. Zoogeography and taxonomy of the land and freshwater molluscs of the Azores. Backhuys & Meesters, Amsterdam.",,Europe,,,TRUE,,,,2025-11-26,Pedro M. Anastácio,
e58494023038cb61dddb58320bb408f0,Rutilus rutilus,Animalia,Animalia,Chordata,,,,species,,Azores,PT,,,,fisheryInTheWild,,,,,,,1982,,"Goubier, J., Hoestland, H., Goubier, M., 1983. Recherches biologiques sur la perche (Perca fluviatilis L.) de Sao Miguel (Açores). Cybium 7, 25-49.",,Europe,,,TRUE,,,,2025-11-26,Pedro M. Anastácio,
e58494023038cb61dddb58320bb408f0,Rutilus rutilus,Animalia,Animalia,Chordata,,,,species,,Mainland,PT,,,,fisheryInTheWild,,,,,,,2007,,"Ribeiro, F., Veríssimo, A., 2014. Full westward expansion of Rutilus rutilus (Linnaeus, 1758) in the Iberian Peninsula. Journal of applied Ichthyology 30, 540-542.",,Europe,,,TRUE,,,,2025-11-26,Pedro M. Anastácio,
29a2f2001381c101e0513570519626cf,Salmo trutta,Animalia,Animalia,Chordata,,,,species,,Azores,PT,,,,fisheryInTheWild,,,,,,,1880,,"Goubier, J., Hoestland, H., Goubier, M., 1983. Recherches biologiques sur la perche (Perca fluviatilis L.) de Sao Miguel (Açores). Cybium 7, 25-49.",,Europe,,,TRUE,,,,2025-11-26,Pedro M. Anastácio,
8bec470dcc174c1b4f743bdc4bc04ea1,Sander lucioperca,Animalia,Animalia,Chordata,,,,species,,Mainland,PT,,,,fisheryInTheWild,,,,,,,1997,,"Barros, J., Cunha, M., Lino, M., Vieira, N., Valente, A., 2000. Evaluation of the water quality and biotic communities of two Portuguese reservoirs (Alto Lindoso and Ermal) and their relationship with recreational fishing. Internationale Vereinigung für theoretische und angewandte Limnologie: Verhandlungen 27, 2693-2698.",,Europe,,,TRUE,,,,2025-11-26,Pedro M. Anastácio,
8bec470dcc174c1b4f743bdc4bc04ea1,Sander lucioperca,Animalia,Animalia,Chordata,,,,species,,Azores,PT,,,,fisheryInTheWild,,,,,,,1981,,"Goubier, J., Hoestland, H., Goubier, M., 1983. Recherches biologiques sur la perche (Perca fluviatilis L.) de Sao Miguel (Açores). Cybium 7, 25-49.",,Europe,,,TRUE,,,,2025-11-26,Pedro M. Anastácio,
e975246316af170f7457fa4e20f1b197,Silurus glanis,Animalia,Animalia,Chordata,,,,species,,Mainland,PT,,,,fisheryInTheWild,,,,,,,2006,,"Gkenas, C., Gago, J., Mesquita, N., Alves, M., Ribeiro, F., 2015. Short communication First record of Silurus glanis Linnaeus, 1758 in Portugal (Iberian Peninsula). J. Appl. Ichthyol 31, 756-758.",,Europe,,,TRUE,,,,2025-11-26,Pedro M. Anastácio,
a2ab6a79d2d4147497afd8b40cf943fa,Stenopelmus rufinasus,Animalia,Animalia,Arthropoda,,,,species,,Mainland,PT,,,,,,,,,,,2011,,"Carrapiço, F., Santos, R., Serrano, A., 2011. First Occurrence of Stenopelmus rufinasus Gyllenhal, 1835 (Coleoptera: Erirhinidae) in Portugal. The Coleopterists Bulletin 65, 436-437.",,Asia,,,TRUE,,,,2025-11-26,Pedro M. Anastácio,
ee4d1f39a2070973657d905c5c06d273,Strandesia vavrai,Animalia,Animalia,Arthropoda,,,,species,,Mainland,PT,,,,,,,,,,,1983,,"Paulo, L.F., Moutinho, M., 1983. Systématique et distribution des ostracodes au Portugal. Publ. Inst. Zool. Dr. A. Nobre. 173, 1-32.",,Africa,,,TRUE,,,,2025-11-26,Pedro M. Anastácio,
f979db9939f00bbacdebcb483135b503,Tinca tinca,Animalia,Animalia,Chordata,,,,species,,Mainland,PT,,,,fisheryInTheWild,,,,,,,1886,,"Varandas, J., Cosme, J., 2010. Memórias Paroquiais (1758). Caleidoscópio.",,Europe,,,TRUE,,,,2025-11-26,Pedro M. Anastácio,
af4695539ee8dcb286fcf2e6c12fefa1,Trachemys scripta,Animalia,Animalia,Chordata,,,,species,,Mainland,PT,,,,ornamentalNonHorticulture,,,,,,,1990,,"Araújo, P., Segurado, P., Raimundo, N., 1997. Bases para a conservação das tartarugas de água doce, Mauremys leprosa e Emys orbicularis. Estudos de Biologia e Conservação da Natureza 24.",,North America,,,TRUE,,,,2025-11-26,Pedro M. Anastácio,
a7f0a08b6964118423232131d3229f53,Trichocorixa verticalis,Animalia,Animalia,Arthropoda,,,,species,,Mainland,PT,,,,otherTransport,,,,,,,2002,,"Sala, J., Boix, D., 2005. Presencia del Coríxido neártico Trichocorixa verticalis verticalis (Fieber, 1851)(Heteroptera, Corixidae) en el Algarve (S Portugal). Graellsia 61, 31-36.",,North America,,,TRUE,,,,2025-11-26,Pedro M. Anastácio,
8ee57e2c26a970661ed712a87463e9e8,Triturus carnifex,Animalia,Animalia,Chordata,,,,species,,Azores,PT,,,,ornamentalNonHorticulture,,,,,,,1920,,"Svanberg, I., 1975. The warty newt (Triturus cristatus) of the Azores. Bocagiana 40, 1-2.",,Europe,,,TRUE,,,,2025-11-26,Pedro M. Anastácio,
e822d74e1907cdb22ca4e2f95cc710da,Xenopus laevis,Animalia,Animalia,Chordata,,,,species,,Mainland,PT,,,,research,,,,,,,1979,,"Rebelo, R., Amaral, P., Bernardes, M., Oliveira, J., Pinheiro, P., Leitão, D., 2010. Xenopus laevis (Daudin, 1802), a new exotic amphibian in Portugal. Biol Invasions 12, 3383-3387.",,Africa,,,TRUE,,,,2025-11-26,Pedro M. Anastácio,
